{
  "chars": 2296.1916666666666,
  "chars:std": 986.051306946325,
  "score": 0.925,
  "score:std": 0.26339134382131846
}